"operationId","method","path","sdkGroup","sdkMethod","sdkNaming","liveStatus","sdkSurface","sdkEvidence","mcpTool","mcpStatus","mcpEvidence","cliSurface","cliEvidence","testEvidence","docEvidence"
"uploadImage","POST","/file/image","(derived)","uploadImage","operationId-derived","live-success","present","wrapper/src/api/resources/files/client/Client.ts (generated; derived group files)","","unexposed","docs/operation-parity.json tsMcp=null; candidateTools=clockify_files_upload_image; overrideReason=null","raw-fallback-only (clk115 api)","cli/src/commands/api.ts","none found (per-op)","docs/openapi-operations.md; docs/operation-parity.json"
"getSharedReportsSharedReportId","GET","/shared-reports/{sharedReportId}","sharedReports","view","explicit","live-success","present","wrapper/src/api/resources/sharedReports/client/Client.ts (generated)","clockify_shared_reports_view","present","docs/operation-parity.json tsMcp; mcp/src/tools/**","group-command","cli/src/commands/sharedReports.ts","cli/tests/read-commands-users-tags-shared-reports.test.ts; mcp/tests/sharedReports.test.ts","docs/openapi-operations.md; docs/operation-parity.json"
"getCurrentUser","GET","/user","(derived)","getCurrentUser","operationId-derived","live-success","present","wrapper/src/api/resources/users/client/Client.ts (generated; derived group users)","","unexposed","docs/operation-parity.json tsMcp=null; candidateTools=clockify_users_get_current_user; overrideReason=null","raw-fallback-only (clk115 api)","cli/src/commands/api.ts","none found (per-op)","docs/openapi-operations.md; docs/operation-parity.json"
"getAllMyWorkspaces","GET","/workspaces","workspaces","list","explicit","live-success","present","wrapper/src/api/resources/workspaces/client/Client.ts (generated)","","unexposed","docs/operation-parity.json tsMcp=null; candidateTools=clockify_workspaces_list; overrideReason=null","raw-fallback-only (clk115 api)","cli/src/commands/api.ts","mcp/tests/server.test.ts (group-level); cli: none","docs/openapi-operations.md; docs/operation-parity.json"
"addWorkspace","POST","/workspaces","workspaces","create","explicit","probe-documented","present","wrapper/src/api/resources/workspaces/client/Client.ts (generated)","","unexposed","docs/operation-parity.json tsMcp=null; candidateTools=clockify_workspaces_create; overrideReason=null","raw-fallback-only (clk115 api)","cli/src/commands/api.ts","mcp/tests/server.test.ts (group-level); cli: none","docs/openapi-operations.md; docs/operation-parity.json"
"getWorkspaceInfo","GET","/workspaces/{workspaceId}","workspaces","get","explicit","live-success","present","wrapper/src/api/resources/workspaces/client/Client.ts (generated)","","unexposed","docs/operation-parity.json tsMcp=null; candidateTools=clockify_workspaces_get; overrideReason=null","raw-fallback-only (clk115 api)","cli/src/commands/api.ts","mcp/tests/server.test.ts (group-level); cli: none","docs/openapi-operations.md; docs/operation-parity.json"
"getAddonWebhooksOnWorkspace","GET","/workspaces/{workspaceId}/addons/{addonId}/webhooks","webhooks","listForAddon","explicit","live-success","present","wrapper/src/api/resources/webhooks/client/Client.ts (generated)","","unexposed","docs/operation-parity.json tsMcp=null; candidateTools=clockify_webhooks_list_for_addon; overrideReason=null","group-command","cli/src/commands/webhooks.ts","wrapper/tests/webhooks.test.ts,webhook-events.test.ts,webhook-fixtures.test.ts,webhook-url.test.ts; cli/tests/read-commands-webhooks.test.ts,webhooks.test.ts; mcp/tests/webhooks-create.test.ts,webhooks-ssrf.test.ts,webhooks-redact.test.ts,webhooks-delivery-diagnose.test.ts","docs/openapi-operations.md; docs/operation-parity.json"
"getApprovalRequests","GET","/workspaces/{workspaceId}/approval-requests","approvals","list","explicit","live-success","present","wrapper/src/api/resources/approvals/client/Client.ts (generated)","clockify_approvals_list","present","docs/operation-parity.json tsMcp; mcp/src/tools/**","group-command","cli/src/commands/approvals.ts","cli/tests/approvals.test.ts; mcp/tests/approvals.test.ts","docs/openapi-operations.md; docs/operation-parity.json"
"submitApprovalRequest","POST","/workspaces/{workspaceId}/approval-requests","approvals","submit","explicit","live-success","present","wrapper/src/api/resources/approvals/client/Client.ts (generated)","clockify_approvals_submit","present","docs/operation-parity.json tsMcp; mcp/src/tools/**","group-command","cli/src/commands/approvals.ts","cli/tests/approvals.test.ts; mcp/tests/approvals.test.ts","docs/openapi-operations.md; docs/operation-parity.json"
"resubmitEntriesForApproval","POST","/workspaces/{workspaceId}/approval-requests/resubmit-entries-for-approval","approvals","resubmit","explicit","documented","present","wrapper/src/api/resources/approvals/client/Client.ts (generated)","clockify_approvals_resubmit","present","docs/operation-parity.json tsMcp; mcp/src/tools/**","group-command","cli/src/commands/approvals.ts","cli/tests/approvals.test.ts; mcp/tests/approvals.test.ts","docs/openapi-operations.md; docs/operation-parity.json"
"submitApprovalRequestForUser","POST","/workspaces/{workspaceId}/approval-requests/users/{userId}","approvals","submitForUser","explicit","live-success","present","wrapper/src/api/resources/approvals/client/Client.ts (generated)","","unexposed","docs/operation-parity.json tsMcp=null; candidateTools=clockify_approvals_submit_for_user; overrideReason=null","group-command","cli/src/commands/approvals.ts","cli/tests/approvals.test.ts; mcp/tests/approvals.test.ts","docs/openapi-operations.md; docs/operation-parity.json"
"resubmitEntriesForApprovalForUser","POST","/workspaces/{workspaceId}/approval-requests/users/{userId}/resubmit-entries-for-approval","approvals","resubmitForUser","explicit","probe-documented","present","wrapper/src/api/resources/approvals/client/Client.ts (generated)","","unexposed","docs/operation-parity.json tsMcp=null; candidateTools=clockify_approvals_resubmit_for_user; overrideReason=null","group-command","cli/src/commands/approvals.ts","cli/tests/approvals.test.ts; mcp/tests/approvals.test.ts","docs/openapi-operations.md; docs/operation-parity.json"
"createApprovalForOtherWithType","POST","/workspaces/{workspaceId}/approval-requests/users/{userId}/{type}","approvals","submitForUserWithType","explicit","probe-documented","present","wrapper/src/api/resources/approvals/client/Client.ts (generated)","clockify_approvals_submit_for_user_with_type","present","docs/operation-parity.json tsMcp; mcp/src/tools/**","group-command","cli/src/commands/approvals.ts","cli/tests/approvals.test.ts; mcp/tests/approvals.test.ts","docs/openapi-operations.md; docs/operation-parity.json"
"createApprrovalRequest_1","POST","/workspaces/{workspaceId}/approval-requests/{approvalRequestId}","approvals","submitWithType","explicit","probe-documented","present","wrapper/src/api/resources/approvals/client/Client.ts (generated)","clockify_approvals_submit_with_type","present","docs/operation-parity.json tsMcp; mcp/src/tools/**","group-command","cli/src/commands/approvals.ts","cli/tests/approvals.test.ts; mcp/tests/approvals.test.ts","docs/openapi-operations.md; docs/operation-parity.json"
"updateApprovalRequest","PATCH","/workspaces/{workspaceId}/approval-requests/{approvalRequestId}","approvals","updateStatus","explicit","live-success","present","wrapper/src/api/resources/approvals/client/Client.ts (generated)","","unexposed","docs/operation-parity.json tsMcp=null; candidateTools=clockify_approvals_update_status; overrideReason=null","group-command","cli/src/commands/approvals.ts","cli/tests/approvals.test.ts; mcp/tests/approvals.test.ts","docs/openapi-operations.md; docs/operation-parity.json"
"searchAuditLogs","POST","/workspaces/{workspaceId}/audit-log","auditLogReport","search","explicit","live-success","present","wrapper/src/api/resources/auditLogReport/client/Client.ts (generated)","clockify_audit_log_search","present","docs/operation-parity.json tsMcp; mcp/src/tools/**","group-command","cli/src/commands/auditlog.ts","cli/tests/auditlog.test.ts; mcp/tests/audit.test.ts","docs/openapi-operations.md; docs/operation-parity.json"
"getWorkspacesWorkspaceIdClients","GET","/workspaces/{workspaceId}/clients","clients","list","explicit","live-success","present","wrapper/src/api/resources/clients/client/Client.ts (generated)","clockify_clients_list","present","docs/operation-parity.json tsMcp; mcp/src/tools/**","group-command","cli/src/commands/clients.ts","wrapper/tests/sandbox.test.ts; cli/tests/crud.test.ts; mcp/tests/clients-tool.test.ts","docs/openapi-operations.md; docs/operation-parity.json"
"postWorkspacesWorkspaceIdClients","POST","/workspaces/{workspaceId}/clients","clients","create","explicit","live-success","present","wrapper/src/api/resources/clients/client/Client.ts (generated)","clockify_clients_create","present","docs/operation-parity.json tsMcp; mcp/src/tools/**","group-command","cli/src/commands/clients.ts","wrapper/tests/sandbox.test.ts; cli/tests/crud.test.ts; mcp/tests/clients-tool.test.ts","docs/openapi-operations.md; docs/operation-parity.json"
"getWorkspacesWorkspaceIdClientsClientId","GET","/workspaces/{workspaceId}/clients/{clientId}","clients","get","explicit","live-success","present","wrapper/src/api/resources/clients/client/Client.ts (generated)","clockify_clients_get","present","docs/operation-parity.json tsMcp; mcp/src/tools/**","group-command","cli/src/commands/clients.ts","wrapper/tests/sandbox.test.ts; cli/tests/crud.test.ts; mcp/tests/clients-tool.test.ts","docs/openapi-operations.md; docs/operation-parity.json"
"putWorkspacesWorkspaceIdClientsClientId","PUT","/workspaces/{workspaceId}/clients/{clientId}","clients","update","explicit","live-success","present","wrapper/src/api/resources/clients/client/Client.ts (generated)","clockify_clients_update","present","docs/operation-parity.json tsMcp; mcp/src/tools/**","group-command","cli/src/commands/clients.ts","wrapper/tests/sandbox.test.ts; cli/tests/crud.test.ts; mcp/tests/clients-tool.test.ts","docs/openapi-operations.md; docs/operation-parity.json"
"deleteWorkspacesWorkspaceIdClientsClientId","DELETE","/workspaces/{workspaceId}/clients/{clientId}","clients","delete","explicit","live-success","present","wrapper/src/api/resources/clients/client/Client.ts (generated)","clockify_clients_delete","present","docs/operation-parity.json tsMcp; mcp/src/tools/**","group-command","cli/src/commands/clients.ts","wrapper/tests/sandbox.test.ts; cli/tests/crud.test.ts; mcp/tests/clients-tool.test.ts","docs/openapi-operations.md; docs/operation-parity.json"
"updateWorkspaceCostRate","PUT","/workspaces/{workspaceId}/cost-rate","workspaces","updateCostRate","explicit","live-success","present","wrapper/src/api/resources/workspaces/client/Client.ts (generated)","","unexposed","docs/operation-parity.json tsMcp=null; candidateTools=clockify_workspaces_update_cost_rate; overrideReason=null","raw-fallback-only (clk115 api)","cli/src/commands/api.ts","mcp/tests/server.test.ts (group-level); cli: none","docs/openapi-operations.md; docs/operation-parity.json"
"listWorkspaceCustomFields","GET","/workspaces/{workspaceId}/custom-fields","customFields","listForWorkspace","explicit","live-success","present","wrapper/src/api/resources/customFields/client/Client.ts (generated)","","unexposed","docs/operation-parity.json tsMcp=null; candidateTools=clockify_custom_fields_list_for_workspace; overrideReason=null","raw-fallback-only (clk115 api)","cli/src/commands/api.ts","mcp/tests/customFields.test.ts","docs/openapi-operations.md; docs/operation-parity.json"
"createWorkspaceCustomField","POST","/workspaces/{workspaceId}/custom-fields","customFields","createForWorkspace","explicit","live-success","present","wrapper/src/api/resources/customFields/client/Client.ts (generated)","","unexposed","docs/operation-parity.json tsMcp=null; candidateTools=clockify_custom_fields_create_for_workspace; overrideReason=null","raw-fallback-only (clk115 api)","cli/src/commands/api.ts","mcp/tests/customFields.test.ts","docs/openapi-operations.md; docs/operation-parity.json"
"updateWorkspaceCustomField","PUT","/workspaces/{workspaceId}/custom-fields/{customFieldId}","customFields","updateForWorkspace","explicit","live-success","present","wrapper/src/api/resources/customFields/client/Client.ts (generated)","","unexposed","docs/operation-parity.json tsMcp=null; candidateTools=clockify_custom_fields_update_for_workspace; overrideReason=null","raw-fallback-only (clk115 api)","cli/src/commands/api.ts","mcp/tests/customFields.test.ts","docs/openapi-operations.md; docs/operation-parity.json"
"deleteWorkspaceCustomField","DELETE","/workspaces/{workspaceId}/custom-fields/{customFieldId}","customFields","deleteForWorkspace","explicit","live-success","present","wrapper/src/api/resources/customFields/client/Client.ts (generated)","","unexposed","docs/operation-parity.json tsMcp=null; candidateTools=clockify_custom_fields_delete_for_workspace; overrideReason=null","raw-fallback-only (clk115 api)","cli/src/commands/api.ts","mcp/tests/customFields.test.ts","docs/openapi-operations.md; docs/operation-parity.json"
"getCreatedEntityInfo","GET","/workspaces/{workspaceId}/entities/created","entityChangesExperimental","listCreated","explicit","live-success","present","wrapper/src/api/resources/entityChangesExperimental/client/Client.ts (generated)","clockify_entity_changes_list","present","docs/operation-parity.json tsMcp; mcp/src/tools/**","raw-fallback-only (clk115 api)","cli/src/commands/api.ts","mcp/tests/entityChanges.test.ts","docs/openapi-operations.md; docs/operation-parity.json"
"getDeletedEntityInfo","GET","/workspaces/{workspaceId}/entities/deleted","entityChangesExperimental","listDeleted","explicit","live-success","present","wrapper/src/api/resources/entityChangesExperimental/client/Client.ts (generated)","clockify_entity_changes_list","present","docs/operation-parity.json tsMcp; mcp/src/tools/**","raw-fallback-only (clk115 api)","cli/src/commands/api.ts","mcp/tests/entityChanges.test.ts","docs/openapi-operations.md; docs/operation-parity.json"
"getUpdatedEntityInfo","GET","/workspaces/{workspaceId}/entities/updated","entityChangesExperimental","listUpdated","explicit","live-success","present","wrapper/src/api/resources/entityChangesExperimental/client/Client.ts (generated)","clockify_entity_changes_list","present","docs/operation-parity.json tsMcp; mcp/src/tools/**","raw-fallback-only (clk115 api)","cli/src/commands/api.ts","mcp/tests/entityChanges.test.ts","docs/openapi-operations.md; docs/operation-parity.json"
"getWorkspaceExpenses","GET","/workspaces/{workspaceId}/expenses","expenses","list","explicit","live-success","present","wrapper/src/api/resources/expenses/client/Client.ts (generated)","clockify_expenses_list","present","docs/operation-parity.json tsMcp; mcp/src/tools/**","group-command","cli/src/commands/expenses.ts","wrapper/tests/expense-list.test.ts,expense-update-multipart.test.ts; cli/tests/read-commands-expenses.test.ts; mcp/tests/expenses.test.ts","docs/openapi-operations.md; docs/operation-parity.json"
"createExpense","POST","/workspaces/{workspaceId}/expenses","expenses","create","explicit","live-success","present","wrapper/src/api/resources/expenses/client/Client.ts (generated)","clockify_expenses_create","present","docs/operation-parity.json tsMcp; mcp/src/tools/**","group-command","cli/src/commands/expenses.ts","wrapper/tests/expense-list.test.ts,expense-update-multipart.test.ts; cli/tests/read-commands-expenses.test.ts; mcp/tests/expenses.test.ts","docs/openapi-operations.md; docs/operation-parity.json"
"getExpenseCategories","GET","/workspaces/{workspaceId}/expenses/categories","expenseCategories","list","explicit","live-success","present","wrapper/src/api/resources/expenseCategories/client/Client.ts (generated)","clockify_expenses_categories_list","present","docs/operation-parity.json tsMcp; mcp/src/tools/**","group-command","cli/src/commands/expenses.ts","cli/tests/read-commands-expenses.test.ts; mcp/tests/expenses.test.ts","docs/openapi-operations.md; docs/operation-parity.json"
"addExpenseCategory","POST","/workspaces/{workspaceId}/expenses/categories","expenseCategories","create","explicit","live-success","present","wrapper/src/api/resources/expenseCategories/client/Client.ts (generated)","clockify_expenses_categories_create","present","docs/operation-parity.json tsMcp; mcp/src/tools/**","group-command","cli/src/commands/expenses.ts","cli/tests/read-commands-expenses.test.ts; mcp/tests/expenses.test.ts","docs/openapi-operations.md; docs/operation-parity.json"
"updateExpenseCategory","PUT","/workspaces/{workspaceId}/expenses/categories/{categoryId}","expenseCategories","update","explicit","live-success","present","wrapper/src/api/resources/expenseCategories/client/Client.ts (generated)","clockify_expenses_categories_update","present","docs/operation-parity.json tsMcp; mcp/src/tools/**","group-command","cli/src/commands/expenses.ts","cli/tests/read-commands-expenses.test.ts; mcp/tests/expenses.test.ts","docs/openapi-operations.md; docs/operation-parity.json"
"deleteExpenseCategory","DELETE","/workspaces/{workspaceId}/expenses/categories/{categoryId}","expenseCategories","delete","explicit","live-success","present","wrapper/src/api/resources/expenseCategories/client/Client.ts (generated)","clockify_expenses_categories_delete","present","docs/operation-parity.json tsMcp; mcp/src/tools/**","group-command","cli/src/commands/expenses.ts","cli/tests/read-commands-expenses.test.ts; mcp/tests/expenses.test.ts","docs/openapi-operations.md; docs/operation-parity.json"
"archiveExpenseCategory","PATCH","/workspaces/{workspaceId}/expenses/categories/{categoryId}/status","expenseCategories","archive","explicit","live-success","present","wrapper/src/api/resources/expenseCategories/client/Client.ts (generated)","clockify_expenses_categories_archive","present","docs/operation-parity.json tsMcp; mcp/src/tools/**","group-command","cli/src/commands/expenses.ts","cli/tests/read-commands-expenses.test.ts; mcp/tests/expenses.test.ts","docs/openapi-operations.md; docs/operation-parity.json"
"getExpenseById","GET","/workspaces/{workspaceId}/expenses/{expenseId}","expenses","get","explicit","live-success","present","wrapper/src/api/resources/expenses/client/Client.ts (generated)","clockify_expenses_get","present","docs/operation-parity.json tsMcp; mcp/src/tools/**","group-command","cli/src/commands/expenses.ts","wrapper/tests/expense-list.test.ts,expense-update-multipart.test.ts; cli/tests/read-commands-expenses.test.ts; mcp/tests/expenses.test.ts","docs/openapi-operations.md; docs/operation-parity.json"
"updateExpense","PUT","/workspaces/{workspaceId}/expenses/{expenseId}","expenses","update","explicit","live-success","present","wrapper/src/api/resources/expenses/client/Client.ts (generated)","clockify_expenses_update","present","docs/operation-parity.json tsMcp; mcp/src/tools/**","group-command","cli/src/commands/expenses.ts","wrapper/tests/expense-list.test.ts,expense-update-multipart.test.ts; cli/tests/read-commands-expenses.test.ts; mcp/tests/expenses.test.ts","docs/openapi-operations.md; docs/operation-parity.json"
"deleteExpense","DELETE","/workspaces/{workspaceId}/expenses/{expenseId}","expenses","delete","explicit","live-success","present","wrapper/src/api/resources/expenses/client/Client.ts (generated)","clockify_expenses_delete","present","docs/operation-parity.json tsMcp; mcp/src/tools/**","group-command","cli/src/commands/expenses.ts","wrapper/tests/expense-list.test.ts,expense-update-multipart.test.ts; cli/tests/read-commands-expenses.test.ts; mcp/tests/expenses.test.ts","docs/openapi-operations.md; docs/operation-parity.json"
"downloadExpenseReceipt","GET","/workspaces/{workspaceId}/expenses/{expenseId}/files/{fileId}","expenses","downloadReceipt","explicit","live-success","present","wrapper/src/api/resources/expenses/client/Client.ts (generated)","","unexposed","docs/operation-parity.json tsMcp=null; candidateTools=clockify_expenses_download_receipt; overrideReason=null","group-command","cli/src/commands/expenses.ts","wrapper/tests/expense-list.test.ts,expense-update-multipart.test.ts; cli/tests/read-commands-expenses.test.ts; mcp/tests/expenses.test.ts","docs/openapi-operations.md; docs/operation-parity.json"
"getWorkspaceHolidays","GET","/workspaces/{workspaceId}/holidays","holidays","list","explicit","live-success","present","wrapper/src/api/resources/holidays/client/Client.ts (generated)","clockify_holidays_list","present","docs/operation-parity.json tsMcp; mcp/src/tools/**","group-command","cli/src/commands/timeoff.ts","mcp/tests/holidays.test.ts,holidays-resolve.test.ts","docs/openapi-operations.md; docs/operation-parity.json"
"createHoliday","POST","/workspaces/{workspaceId}/holidays","holidays","create","explicit","live-success","present","wrapper/src/api/resources/holidays/client/Client.ts (generated)","clockify_holidays_create","present","docs/operation-parity.json tsMcp; mcp/src/tools/**","group-command","cli/src/commands/timeoff.ts","mcp/tests/holidays.test.ts,holidays-resolve.test.ts","docs/openapi-operations.md; docs/operation-parity.json"
"getWorkspaceHolidaysInPeriod","GET","/workspaces/{workspaceId}/holidays/in-period","holidays","listInPeriod","explicit","live-success","present","wrapper/src/api/resources/holidays/client/Client.ts (generated)","clockify_holidays_list_in_period","present","docs/operation-parity.json tsMcp; mcp/src/tools/**","group-command","cli/src/commands/timeoff.ts","mcp/tests/holidays.test.ts,holidays-resolve.test.ts","docs/openapi-operations.md; docs/operation-parity.json"
"updateHoliday","PUT","/workspaces/{workspaceId}/holidays/{holidayId}","holidays","update","explicit","live-success","present","wrapper/src/api/resources/holidays/client/Client.ts (generated)","clockify_holidays_update","present","docs/operation-parity.json tsMcp; mcp/src/tools/**","group-command","cli/src/commands/timeoff.ts","mcp/tests/holidays.test.ts,holidays-resolve.test.ts","docs/openapi-operations.md; docs/operation-parity.json"
"deleteHoliday","DELETE","/workspaces/{workspaceId}/holidays/{holidayId}","holidays","delete","explicit","live-success","present","wrapper/src/api/resources/holidays/client/Client.ts (generated)","clockify_holidays_delete","present","docs/operation-parity.json tsMcp; mcp/src/tools/**","group-command","cli/src/commands/timeoff.ts","mcp/tests/holidays.test.ts,holidays-resolve.test.ts","docs/openapi-operations.md; docs/operation-parity.json"
"updateWorkspaceBillableRate","PUT","/workspaces/{workspaceId}/hourly-rate","workspaces","updateBillableRate","explicit","live-success","present","wrapper/src/api/resources/workspaces/client/Client.ts (generated)","","unexposed","docs/operation-parity.json tsMcp=null; candidateTools=clockify_workspaces_update_billable_rate; overrideReason=null","raw-fallback-only (clk115 api)","cli/src/commands/api.ts","mcp/tests/server.test.ts (group-level); cli: none","docs/openapi-operations.md; docs/operation-parity.json"
"getWorkspaceInvoices","GET","/workspaces/{workspaceId}/invoices","invoices","list","explicit","live-success","present","wrapper/src/api/resources/invoices/client/Client.ts (generated)","clockify_invoices_list","present","docs/operation-parity.json tsMcp; mcp/src/tools/**","group-command","cli/src/commands/invoices.ts","wrapper/tests/invoice-body.test.ts; cli/tests/invoices.test.ts; mcp/tests/invoices.test.ts,single-op-writes.test.ts","docs/openapi-operations.md; docs/operation-parity.json"
"addInvoice","POST","/workspaces/{workspaceId}/invoices","invoices","create","explicit","live-success","present","wrapper/src/api/resources/invoices/client/Client.ts (generated)","clockify_invoices_create","present","docs/operation-parity.json tsMcp; mcp/src/tools/**","group-command","cli/src/commands/invoices.ts","wrapper/tests/invoice-body.test.ts; cli/tests/invoices.test.ts; mcp/tests/invoices.test.ts,single-op-writes.test.ts","docs/openapi-operations.md; docs/operation-parity.json"
"filterInvoices","POST","/workspaces/{workspaceId}/invoices/info","invoices","filter","explicit","live-success","present","wrapper/src/api/resources/invoices/client/Client.ts (generated)","clockify_invoices_list","present","docs/operation-parity.json tsMcp; mcp/src/tools/**","group-command","cli/src/commands/invoices.ts","wrapper/tests/invoice-body.test.ts; cli/tests/invoices.test.ts; mcp/tests/invoices.test.ts,single-op-writes.test.ts","docs/openapi-operations.md; docs/operation-parity.json"
"getInvoiceSettings","GET","/workspaces/{workspaceId}/invoices/settings","invoiceSettings","get","explicit","live-success","present","wrapper/src/api/resources/invoiceSettings/client/Client.ts (generated)","","unexposed","docs/operation-parity.json tsMcp=null; candidateTools=clockify_invoice_settings_get; overrideReason=null","raw-fallback-only (clk115 api)","cli/src/commands/api.ts","none found (per-op)","docs/openapi-operations.md; docs/operation-parity.json"
"updateInvoiceSettings","PUT","/workspaces/{workspaceId}/invoices/settings","invoiceSettings","update","explicit","live-success","present","wrapper/src/api/resources/invoiceSettings/client/Client.ts (generated)","","unexposed","docs/operation-parity.json tsMcp=null; candidateTools=clockify_invoice_settings_update; overrideReason=null","raw-fallback-only (clk115 api)","cli/src/commands/api.ts","none found (per-op)","docs/openapi-operations.md; docs/operation-parity.json"
"getInvoiceById","GET","/workspaces/{workspaceId}/invoices/{invoiceId}","invoices","get","explicit","live-success","present","wrapper/src/api/resources/invoices/client/Client.ts (generated)","clockify_invoices_get","present","docs/operation-parity.json tsMcp; mcp/src/tools/**","group-command","cli/src/commands/invoices.ts","wrapper/tests/invoice-body.test.ts; cli/tests/invoices.test.ts; mcp/tests/invoices.test.ts,single-op-writes.test.ts","docs/openapi-operations.md; docs/operation-parity.json"
"updateInvoice","PUT","/workspaces/{workspaceId}/invoices/{invoiceId}","invoices","update","explicit","live-success","present","wrapper/src/api/resources/invoices/client/Client.ts (generated)","clockify_invoices_update","present","docs/operation-parity.json tsMcp; mcp/src/tools/**","group-command","cli/src/commands/invoices.ts","wrapper/tests/invoice-body.test.ts; cli/tests/invoices.test.ts; mcp/tests/invoices.test.ts,single-op-writes.test.ts","docs/openapi-operations.md; docs/operation-parity.json"
"deleteInvoice","DELETE","/workspaces/{workspaceId}/invoices/{invoiceId}","invoices","delete","explicit","live-success","present","wrapper/src/api/resources/invoices/client/Client.ts (generated)","clockify_invoices_delete","present","docs/operation-parity.json tsMcp; mcp/src/tools/**","group-command","cli/src/commands/invoices.ts","wrapper/tests/invoice-body.test.ts; cli/tests/invoices.test.ts; mcp/tests/invoices.test.ts,single-op-writes.test.ts","docs/openapi-operations.md; docs/operation-parity.json"
"duplicateInvoice","POST","/workspaces/{workspaceId}/invoices/{invoiceId}/duplicate","invoices","duplicate","explicit","live-success","present","wrapper/src/api/resources/invoices/client/Client.ts (generated)","","unexposed","docs/operation-parity.json tsMcp=null; candidateTools=clockify_invoices_duplicate; overrideReason=null","group-command","cli/src/commands/invoices.ts","wrapper/tests/invoice-body.test.ts; cli/tests/invoices.test.ts; mcp/tests/invoices.test.ts,single-op-writes.test.ts","docs/openapi-operations.md; docs/operation-parity.json"
"exportInvoice","GET","/workspaces/{workspaceId}/invoices/{invoiceId}/export","invoices","export","explicit","live-success","present","wrapper/src/api/resources/invoices/client/Client.ts (generated)","","unexposed","docs/operation-parity.json tsMcp=null; candidateTools=clockify_invoices_export; overrideReason=null","group-command","cli/src/commands/invoices.ts","wrapper/tests/invoice-body.test.ts; cli/tests/invoices.test.ts; mcp/tests/invoices.test.ts,single-op-writes.test.ts","docs/openapi-operations.md; docs/operation-parity.json"
"addInvoiceItem","POST","/workspaces/{workspaceId}/invoices/{invoiceId}/items","invoiceItems","create","explicit","live-success","present","wrapper/src/api/resources/invoiceItems/client/Client.ts (generated)","clockify_invoices_create","present","docs/operation-parity.json tsMcp; mcp/src/tools/**","group-command","cli/src/commands/invoices.ts","mcp/tests/invoices.test.ts (group-level)","docs/openapi-operations.md; docs/operation-parity.json"
"importInvoiceItems","POST","/workspaces/{workspaceId}/invoices/{invoiceId}/items/import","invoiceItems","import","explicit","live-success","present","wrapper/src/api/resources/invoiceItems/client/Client.ts (generated)","clockify_invoices_import_time","present","docs/operation-parity.json tsMcp; mcp/src/tools/**","group-command","cli/src/commands/invoices.ts","mcp/tests/invoices.test.ts (group-level)","docs/openapi-operations.md; docs/operation-parity.json"
"deleteInvoiceItem","DELETE","/workspaces/{workspaceId}/invoices/{invoiceId}/items/{order}","invoiceItems","delete","explicit","live-success","present","wrapper/src/api/resources/invoiceItems/client/Client.ts (generated)","clockify_invoices_delete","present","docs/operation-parity.json tsMcp; mcp/src/tools/**","group-command","cli/src/commands/invoices.ts","mcp/tests/invoices.test.ts (group-level)","docs/openapi-operations.md; docs/operation-parity.json"
"getInvoicePayments","GET","/workspaces/{workspaceId}/invoices/{invoiceId}/payments","invoicePayments","list","explicit","live-success","present","wrapper/src/api/resources/invoicePayments/client/Client.ts (generated)","clockify_invoices_list","present","docs/operation-parity.json tsMcp; mcp/src/tools/**","group-command","cli/src/commands/invoices.ts","mcp/tests/invoices.test.ts (group-level)","docs/openapi-operations.md; docs/operation-parity.json"
"addInvoicePayment","POST","/workspaces/{workspaceId}/invoices/{invoiceId}/payments","invoicePayments","create","explicit","live-success","present","wrapper/src/api/resources/invoicePayments/client/Client.ts (generated)","clockify_invoices_create","present","docs/operation-parity.json tsMcp; mcp/src/tools/**","group-command","cli/src/commands/invoices.ts","mcp/tests/invoices.test.ts (group-level)","docs/openapi-operations.md; docs/operation-parity.json"
"deleteInvoicePayment","DELETE","/workspaces/{workspaceId}/invoices/{invoiceId}/payments/{paymentId}","invoicePayments","delete","explicit","live-success","present","wrapper/src/api/resources/invoicePayments/client/Client.ts (generated)","clockify_invoices_delete","present","docs/operation-parity.json tsMcp; mcp/src/tools/**","group-command","cli/src/commands/invoices.ts","mcp/tests/invoices.test.ts (group-level)","docs/openapi-operations.md; docs/operation-parity.json"
"changeInvoiceStatus","PATCH","/workspaces/{workspaceId}/invoices/{invoiceId}/status","invoices","updateStatus","explicit","live-success","present","wrapper/src/api/resources/invoices/client/Client.ts (generated)","clockify_invoices_update_status","present","docs/operation-parity.json tsMcp; mcp/src/tools/**","group-command","cli/src/commands/invoices.ts","wrapper/tests/invoice-body.test.ts; cli/tests/invoices.test.ts; mcp/tests/invoices.test.ts,single-op-writes.test.ts","docs/openapi-operations.md; docs/operation-parity.json"
"addLimitedUsersWithInfo","POST","/workspaces/{workspaceId}/limited-users","(derived)","addLimitedUsersWithInfo","operationId-derived","probe-documented","present","wrapper/src/api/resources/workspaces/client/Client.ts (generated; derived group workspaces)","","unexposed","docs/operation-parity.json tsMcp=null; candidateTools=clockify_workspaces_add_limited_users_with_info; overrideReason=null","raw-fallback-only (clk115 api)","cli/src/commands/api.ts","none found (per-op)","docs/openapi-operations.md; docs/operation-parity.json"
"getMemberProfile","GET","/workspaces/{workspaceId}/member-profile/{userId}","memberProfiles","get","explicit","live-success","present","wrapper/src/api/resources/memberProfiles/client/Client.ts (generated)","clockify_member_profile_get","present","docs/operation-parity.json tsMcp; mcp/src/tools/**","raw-fallback-only (clk115 api)","cli/src/commands/api.ts","none found (per-op)","docs/openapi-operations.md; docs/operation-parity.json"
"updateMemberProfile","PATCH","/workspaces/{workspaceId}/member-profile/{userId}","memberProfiles","update","explicit","live-success","present","wrapper/src/api/resources/memberProfiles/client/Client.ts (generated)","clockify_member_profile_update","present","docs/operation-parity.json tsMcp; mcp/src/tools/**","raw-fallback-only (clk115 api)","cli/src/commands/api.ts","none found (per-op)","docs/openapi-operations.md; docs/operation-parity.json"
"getWorkspaceProjects","GET","/workspaces/{workspaceId}/projects","projects","list","explicit","live-success","present","wrapper/src/api/resources/projects/client/Client.ts (generated)","clockify_projects_list","present","docs/operation-parity.json tsMcp; mcp/src/tools/**","group-command","cli/src/commands/projects.ts","cli/tests/crud.test.ts,read-commands-projects-tasks.test.ts; mcp/tests/projects-next.test.ts,project-memberships.test.ts,archive-then-delete.test.ts","docs/openapi-operations.md; docs/operation-parity.json"
"createProject","POST","/workspaces/{workspaceId}/projects","projects","create","explicit","live-success","present","wrapper/src/api/resources/projects/client/Client.ts (generated)","clockify_projects_create","present","docs/operation-parity.json tsMcp; mcp/src/tools/**","group-command","cli/src/commands/projects.ts","cli/tests/crud.test.ts,read-commands-projects-tasks.test.ts; mcp/tests/projects-next.test.ts,project-memberships.test.ts,archive-then-delete.test.ts","docs/openapi-operations.md; docs/operation-parity.json"
"createProjectFromTemplate","POST","/workspaces/{workspaceId}/projects/from-template","projects","createFromTemplate","explicit","live-success","present","wrapper/src/api/resources/projects/client/Client.ts (generated)","","unexposed","docs/operation-parity.json tsMcp=null; candidateTools=clockify_projects_create_from_template; overrideReason=null","group-command","cli/src/commands/projects.ts","cli/tests/crud.test.ts,read-commands-projects-tasks.test.ts; mcp/tests/projects-next.test.ts,project-memberships.test.ts,archive-then-delete.test.ts","docs/openapi-operations.md; docs/operation-parity.json"
"getProjectById","GET","/workspaces/{workspaceId}/projects/{projectId}","projects","get","explicit","live-success","present","wrapper/src/api/resources/projects/client/Client.ts (generated)","clockify_projects_get","present","docs/operation-parity.json tsMcp; mcp/src/tools/**","group-command","cli/src/commands/projects.ts","cli/tests/crud.test.ts,read-commands-projects-tasks.test.ts; mcp/tests/projects-next.test.ts,project-memberships.test.ts,archive-then-delete.test.ts","docs/openapi-operations.md; docs/operation-parity.json"
"updateProject","PUT","/workspaces/{workspaceId}/projects/{projectId}","projects","update","explicit","live-success","present","wrapper/src/api/resources/projects/client/Client.ts (generated)","clockify_projects_update","present","docs/operation-parity.json tsMcp; mcp/src/tools/**","group-command","cli/src/commands/projects.ts","cli/tests/crud.test.ts,read-commands-projects-tasks.test.ts; mcp/tests/projects-next.test.ts,project-memberships.test.ts,archive-then-delete.test.ts","docs/openapi-operations.md; docs/operation-parity.json"
"deleteProject","DELETE","/workspaces/{workspaceId}/projects/{projectId}","projects","delete","explicit","live-success","present","wrapper/src/api/resources/projects/client/Client.ts (generated)","clockify_projects_delete","present","docs/operation-parity.json tsMcp; mcp/src/tools/**","group-command","cli/src/commands/projects.ts","cli/tests/crud.test.ts,read-commands-projects-tasks.test.ts; mcp/tests/projects-next.test.ts,project-memberships.test.ts,archive-then-delete.test.ts","docs/openapi-operations.md; docs/operation-parity.json"
"listProjectCustomFields","GET","/workspaces/{workspaceId}/projects/{projectId}/custom-fields","customFields","listForProject","explicit","live-success","present","wrapper/src/api/resources/customFields/client/Client.ts (generated)","","unexposed","docs/operation-parity.json tsMcp=null; candidateTools=clockify_custom_fields_list_for_project; overrideReason=null","raw-fallback-only (clk115 api)","cli/src/commands/api.ts","mcp/tests/customFields.test.ts","docs/openapi-operations.md; docs/operation-parity.json"
"updateProjectCustomField","PATCH","/workspaces/{workspaceId}/projects/{projectId}/custom-fields/{customFieldId}","customFields","updateForProject","explicit","live-success","present","wrapper/src/api/resources/customFields/client/Client.ts (generated)","","unexposed","docs/operation-parity.json tsMcp=null; candidateTools=clockify_custom_fields_update_for_project; overrideReason=null","raw-fallback-only (clk115 api)","cli/src/commands/api.ts","mcp/tests/customFields.test.ts","docs/openapi-operations.md; docs/operation-parity.json"
"removeProjectCustomField","DELETE","/workspaces/{workspaceId}/projects/{projectId}/custom-fields/{customFieldId}","customFields","removeFromProject","explicit","live-success","present","wrapper/src/api/resources/customFields/client/Client.ts (generated)","","unexposed","docs/operation-parity.json tsMcp=null; candidateTools=clockify_custom_fields_remove_from_project; overrideReason=null","raw-fallback-only (clk115 api)","cli/src/commands/api.ts","mcp/tests/customFields.test.ts","docs/openapi-operations.md; docs/operation-parity.json"
"updateProjectEstimate","PATCH","/workspaces/{workspaceId}/projects/{projectId}/estimate","projects","updateEstimate","explicit","live-success","present","wrapper/src/api/resources/projects/client/Client.ts (generated)","","unexposed","docs/operation-parity.json tsMcp=null; candidateTools=clockify_projects_update_estimate; overrideReason=null","group-command","cli/src/commands/projects.ts","cli/tests/crud.test.ts,read-commands-projects-tasks.test.ts; mcp/tests/projects-next.test.ts,project-memberships.test.ts,archive-then-delete.test.ts","docs/openapi-operations.md; docs/operation-parity.json"
"assignOrRemoveProjectUsers","POST","/workspaces/{workspaceId}/projects/{projectId}/memberships","projects","setMembers","explicit","live-success","present","wrapper/src/api/resources/projects/client/Client.ts (generated)","","unexposed","docs/operation-parity.json tsMcp=null; candidateTools=clockify_projects_set_members; overrideReason=null","group-command","cli/src/commands/projects.ts","cli/tests/crud.test.ts,read-commands-projects-tasks.test.ts; mcp/tests/projects-next.test.ts,project-memberships.test.ts,archive-then-delete.test.ts","docs/openapi-operations.md; docs/operation-parity.json"
"updateProjectMemberships","PATCH","/workspaces/{workspaceId}/projects/{projectId}/memberships","projects","updateMemberships","explicit","live-success","present","wrapper/src/api/resources/projects/client/Client.ts (generated)","clockify_projects_memberships_update","present","docs/operation-parity.json tsMcp; mcp/src/tools/**","group-command","cli/src/commands/projects.ts","cli/tests/crud.test.ts,read-commands-projects-tasks.test.ts; mcp/tests/projects-next.test.ts,project-memberships.test.ts,archive-then-delete.test.ts","docs/openapi-operations.md; docs/operation-parity.json"
"findTasksOnProject","GET","/workspaces/{workspaceId}/projects/{projectId}/tasks","tasks","list","explicit","live-success","present","wrapper/src/api/resources/tasks/client/Client.ts (generated)","clockify_tasks_list","present","docs/operation-parity.json tsMcp; mcp/src/tools/**","group-command","cli/src/commands/tasks.ts","cli/tests/crud.test.ts,read-commands-projects-tasks.test.ts; mcp/tests/tasks-tool.test.ts,rates.test.ts","docs/openapi-operations.md; docs/operation-parity.json"
"addTaskOnProject","POST","/workspaces/{workspaceId}/projects/{projectId}/tasks","tasks","create","explicit","live-success","present","wrapper/src/api/resources/tasks/client/Client.ts (generated)","clockify_tasks_create","present","docs/operation-parity.json tsMcp; mcp/src/tools/**","group-command","cli/src/commands/tasks.ts","cli/tests/crud.test.ts,read-commands-projects-tasks.test.ts; mcp/tests/tasks-tool.test.ts,rates.test.ts","docs/openapi-operations.md; docs/operation-parity.json"
"getTaskById","GET","/workspaces/{workspaceId}/projects/{projectId}/tasks/{taskId}","tasks","get","explicit","live-success","present","wrapper/src/api/resources/tasks/client/Client.ts (generated)","clockify_tasks_get","present","docs/operation-parity.json tsMcp; mcp/src/tools/**","group-command","cli/src/commands/tasks.ts","cli/tests/crud.test.ts,read-commands-projects-tasks.test.ts; mcp/tests/tasks-tool.test.ts,rates.test.ts","docs/openapi-operations.md; docs/operation-parity.json"
"updateTaskOnProject","PUT","/workspaces/{workspaceId}/projects/{projectId}/tasks/{taskId}","tasks","update","explicit","live-success","present","wrapper/src/api/resources/tasks/client/Client.ts (generated)","clockify_tasks_update","present","docs/operation-parity.json tsMcp; mcp/src/tools/**","group-command","cli/src/commands/tasks.ts","cli/tests/crud.test.ts,read-commands-projects-tasks.test.ts; mcp/tests/tasks-tool.test.ts,rates.test.ts","docs/openapi-operations.md; docs/operation-parity.json"
"deleteTaskFromProject","DELETE","/workspaces/{workspaceId}/projects/{projectId}/tasks/{taskId}","tasks","delete","explicit","live-success","present","wrapper/src/api/resources/tasks/client/Client.ts (generated)","clockify_tasks_delete","present","docs/operation-parity.json tsMcp; mcp/src/tools/**","group-command","cli/src/commands/tasks.ts","cli/tests/crud.test.ts,read-commands-projects-tasks.test.ts; mcp/tests/tasks-tool.test.ts,rates.test.ts","docs/openapi-operations.md; docs/operation-parity.json"
"updateTaskCostRate","PUT","/workspaces/{workspaceId}/projects/{projectId}/tasks/{taskId}/cost-rate","tasks","updateCostRate","explicit","live-success","present","wrapper/src/api/resources/tasks/client/Client.ts (generated)","","unexposed","docs/operation-parity.json tsMcp=null; candidateTools=clockify_tasks_update_cost_rate; overrideReason=null","group-command","cli/src/commands/tasks.ts","cli/tests/crud.test.ts,read-commands-projects-tasks.test.ts; mcp/tests/tasks-tool.test.ts,rates.test.ts","docs/openapi-operations.md; docs/operation-parity.json"
"updateTaskBillableRate","PUT","/workspaces/{workspaceId}/projects/{projectId}/tasks/{taskId}/hourly-rate","tasks","updateBillableRate","explicit","live-success","present","wrapper/src/api/resources/tasks/client/Client.ts (generated)","","unexposed","docs/operation-parity.json tsMcp=null; candidateTools=clockify_tasks_update_billable_rate; overrideReason=null","group-command","cli/src/commands/tasks.ts","cli/tests/crud.test.ts,read-commands-projects-tasks.test.ts; mcp/tests/tasks-tool.test.ts,rates.test.ts","docs/openapi-operations.md; docs/operation-parity.json"
"updateProjectTemplate","PATCH","/workspaces/{workspaceId}/projects/{projectId}/template","projects","updateTemplate","explicit","live-success","present","wrapper/src/api/resources/projects/client/Client.ts (generated)","","unexposed","docs/operation-parity.json tsMcp=null; candidateTools=clockify_projects_update_template; overrideReason=null","group-command","cli/src/commands/projects.ts","cli/tests/crud.test.ts,read-commands-projects-tasks.test.ts; mcp/tests/projects-next.test.ts,project-memberships.test.ts,archive-then-delete.test.ts","docs/openapi-operations.md; docs/operation-parity.json"
"updateProjectUserCostRate","PUT","/workspaces/{workspaceId}/projects/{projectId}/users/{userId}/cost-rate","projects","updateUserCostRate","explicit","live-success","present","wrapper/src/api/resources/projects/client/Client.ts (generated)","","unexposed","docs/operation-parity.json tsMcp=null; candidateTools=clockify_projects_update_user_cost_rate; overrideReason=null","group-command","cli/src/commands/projects.ts","cli/tests/crud.test.ts,read-commands-projects-tasks.test.ts; mcp/tests/projects-next.test.ts,project-memberships.test.ts,archive-then-delete.test.ts","docs/openapi-operations.md; docs/operation-parity.json"
"updateProjectUserHourlyRate","PUT","/workspaces/{workspaceId}/projects/{projectId}/users/{userId}/hourly-rate","projects","updateUserHourlyRate","explicit","live-success","present","wrapper/src/api/resources/projects/client/Client.ts (generated)","","unexposed","docs/operation-parity.json tsMcp=null; candidateTools=clockify_projects_update_user_hourly_rate; overrideReason=null","group-command","cli/src/commands/projects.ts","cli/tests/crud.test.ts,read-commands-projects-tasks.test.ts; mcp/tests/projects-next.test.ts,project-memberships.test.ts,archive-then-delete.test.ts","docs/openapi-operations.md; docs/operation-parity.json"
"generateAttendanceReport","POST","/workspaces/{workspaceId}/reports/attendance","reports","attendance","explicit","live-success","present","wrapper/src/api/resources/reports/client/Client.ts (generated)","clockify_reports_attendance","present","docs/operation-parity.json tsMcp; mcp/src/tools/**","group-command","cli/src/commands/reports.ts","wrapper/tests/reports.test.ts; cli/tests/reports.test.ts; mcp/tests/reports.test.ts","docs/openapi-operations.md; docs/operation-parity.json"
"generateDetailedReport","POST","/workspaces/{workspaceId}/reports/detailed","reports","detailed","explicit","live-success","present","wrapper/src/api/resources/reports/client/Client.ts (generated)","clockify_reports_detailed","present","docs/operation-parity.json tsMcp; mcp/src/tools/**","group-command","cli/src/commands/reports.ts","wrapper/tests/reports.test.ts; cli/tests/reports.test.ts; mcp/tests/reports.test.ts","docs/openapi-operations.md; docs/operation-parity.json"
"generateDetailedReportV1","POST","/workspaces/{workspaceId}/reports/expenses/detailed","(derived)","generateDetailedReportV1","operationId-derived","live-success","present","wrapper/src/api/resources/expenseReport/client/Client.ts (generated; derived group expenseReport)","clockify_expenses_list","present","docs/operation-parity.json tsMcp; mcp/src/tools/**","raw-fallback-only (clk115 api)","cli/src/commands/api.ts","none found (per-op)","docs/openapi-operations.md; docs/operation-parity.json"
"generateSummaryReport","POST","/workspaces/{workspaceId}/reports/summary","reports","summary","explicit","live-success","present","wrapper/src/api/resources/reports/client/Client.ts (generated)","clockify_reports_summary","present","docs/operation-parity.json tsMcp; mcp/src/tools/**","group-command","cli/src/commands/reports.ts","wrapper/tests/reports.test.ts; cli/tests/reports.test.ts; mcp/tests/reports.test.ts","docs/openapi-operations.md; docs/operation-parity.json"
"generateWeeklyReport","POST","/workspaces/{workspaceId}/reports/weekly","reports","weekly","explicit","live-success","present","wrapper/src/api/resources/reports/client/Client.ts (generated)","clockify_reports_weekly","present","docs/operation-parity.json tsMcp; mcp/src/tools/**","group-command","cli/src/commands/reports.ts","wrapper/tests/reports.test.ts; cli/tests/reports.test.ts; mcp/tests/reports.test.ts","docs/openapi-operations.md; docs/operation-parity.json"
"getAllSchedulingAssignments","GET","/workspaces/{workspaceId}/scheduling/assignments/all","scheduling","list","explicit","live-success","present","wrapper/src/api/resources/scheduling/client/Client.ts (generated)","","unexposed","docs/operation-parity.json tsMcp=null; candidateTools=clockify_scheduling_list; overrideReason=null","group-command","cli/src/commands/scheduling.ts","cli/tests/read-commands-scheduling.test.ts; mcp/tests/scheduling.test.ts,scheduling-copy.test.ts,scheduling-resolve.test.ts,scheduling-totals.test.ts,iter-maxpages.test.ts","docs/openapi-operations.md; docs/operation-parity.json"
"getScheduledAssignmentsPerProject","POST","/workspaces/{workspaceId}/scheduling/assignments/projects/totals","scheduling","listPerProject","explicit","live-success","present","wrapper/src/api/resources/scheduling/client/Client.ts (generated)","clockify_scheduling_assignments_list_per_project","present","docs/operation-parity.json tsMcp; mcp/src/tools/**","group-command","cli/src/commands/scheduling.ts","cli/tests/read-commands-scheduling.test.ts; mcp/tests/scheduling.test.ts,scheduling-copy.test.ts,scheduling-resolve.test.ts,scheduling-totals.test.ts,iter-maxpages.test.ts","docs/openapi-operations.md; docs/operation-parity.json"
"getScheduledAssignmentsOnProject","GET","/workspaces/{workspaceId}/scheduling/assignments/projects/totals/{projectId}","scheduling","listOnProject","explicit","live-success","present","wrapper/src/api/resources/scheduling/client/Client.ts (generated)","","unexposed","docs/operation-parity.json tsMcp=null; candidateTools=clockify_scheduling_list_on_project; overrideReason=null","group-command","cli/src/commands/scheduling.ts","cli/tests/read-commands-scheduling.test.ts; mcp/tests/scheduling.test.ts,scheduling-copy.test.ts,scheduling-resolve.test.ts,scheduling-totals.test.ts,iter-maxpages.test.ts","docs/openapi-operations.md; docs/operation-parity.json"
"publishAssignments","PUT","/workspaces/{workspaceId}/scheduling/assignments/publish","scheduling","publish","explicit","live-success","present","wrapper/src/api/resources/scheduling/client/Client.ts (generated)","clockify_scheduling_publish","present","docs/operation-parity.json tsMcp; mcp/src/tools/**","group-command","cli/src/commands/scheduling.ts","cli/tests/read-commands-scheduling.test.ts; mcp/tests/scheduling.test.ts,scheduling-copy.test.ts,scheduling-resolve.test.ts,scheduling-totals.test.ts,iter-maxpages.test.ts","docs/openapi-operations.md; docs/operation-parity.json"
"createRecurringAssignment","POST","/workspaces/{workspaceId}/scheduling/assignments/recurring","scheduling","createRecurring","explicit","live-success","present","wrapper/src/api/resources/scheduling/client/Client.ts (generated)","","unexposed","docs/operation-parity.json tsMcp=null; candidateTools=clockify_scheduling_create_recurring; overrideReason=null","group-command","cli/src/commands/scheduling.ts","cli/tests/read-commands-scheduling.test.ts; mcp/tests/scheduling.test.ts,scheduling-copy.test.ts,scheduling-resolve.test.ts,scheduling-totals.test.ts,iter-maxpages.test.ts","docs/openapi-operations.md; docs/operation-parity.json"
"updateRecurringAssignment","PATCH","/workspaces/{workspaceId}/scheduling/assignments/recurring/{assignmentId}","scheduling","updateRecurring","explicit","live-success","present","wrapper/src/api/resources/scheduling/client/Client.ts (generated)","","unexposed","docs/operation-parity.json tsMcp=null; candidateTools=clockify_scheduling_update_recurring; overrideReason=null","group-command","cli/src/commands/scheduling.ts","cli/tests/read-commands-scheduling.test.ts; mcp/tests/scheduling.test.ts,scheduling-copy.test.ts,scheduling-resolve.test.ts,scheduling-totals.test.ts,iter-maxpages.test.ts","docs/openapi-operations.md; docs/operation-parity.json"
"deleteRecurringAssignment","DELETE","/workspaces/{workspaceId}/scheduling/assignments/recurring/{assignmentId}","scheduling","deleteRecurring","explicit","live-success","present","wrapper/src/api/resources/scheduling/client/Client.ts (generated)","","unexposed","docs/operation-parity.json tsMcp=null; candidateTools=clockify_scheduling_delete_recurring; overrideReason=null","group-command","cli/src/commands/scheduling.ts","cli/tests/read-commands-scheduling.test.ts; mcp/tests/scheduling.test.ts,scheduling-copy.test.ts,scheduling-resolve.test.ts,scheduling-totals.test.ts,iter-maxpages.test.ts","docs/openapi-operations.md; docs/operation-parity.json"
"changeRecurringPeriod","PUT","/workspaces/{workspaceId}/scheduling/assignments/series/{assignmentId}","(derived)","changeRecurringPeriod","operationId-derived","live-success","present","wrapper/src/api/resources/scheduling/client/Client.ts (generated; derived group scheduling)","","unexposed","docs/operation-parity.json tsMcp=null; candidateTools=clockify_scheduling_change_recurring_period; overrideReason=null","raw-fallback-only (clk115 api)","cli/src/commands/api.ts","none found (per-op)","docs/openapi-operations.md; docs/operation-parity.json"
"getUsersCapacityTotals","POST","/workspaces/{workspaceId}/scheduling/assignments/user-filter/totals","scheduling","getUsersCapacityFiltered","explicit","live-success","present","wrapper/src/api/resources/scheduling/client/Client.ts (generated)","clockify_scheduling_capacity","present","docs/operation-parity.json tsMcp; mcp/src/tools/**","group-command","cli/src/commands/scheduling.ts","cli/tests/read-commands-scheduling.test.ts; mcp/tests/scheduling.test.ts,scheduling-copy.test.ts,scheduling-resolve.test.ts,scheduling-totals.test.ts,iter-maxpages.test.ts","docs/openapi-operations.md; docs/operation-parity.json"
"getUserCapacityTotal","GET","/workspaces/{workspaceId}/scheduling/assignments/users/{userId}/totals","scheduling","getUserCapacity","explicit","live-success","present","wrapper/src/api/resources/scheduling/client/Client.ts (generated)","","unexposed","docs/operation-parity.json tsMcp=null; candidateTools=clockify_scheduling_get_user_capacity; overrideReason=null","group-command","cli/src/commands/scheduling.ts","cli/tests/read-commands-scheduling.test.ts; mcp/tests/scheduling.test.ts,scheduling-copy.test.ts,scheduling-resolve.test.ts,scheduling-totals.test.ts,iter-maxpages.test.ts","docs/openapi-operations.md; docs/operation-parity.json"
"copyScheduledAssignment","POST","/workspaces/{workspaceId}/scheduling/assignments/{assignmentId}/copy","scheduling","copy","explicit","live-success","present","wrapper/src/api/resources/scheduling/client/Client.ts (generated)","clockify_scheduling_copy","present","docs/operation-parity.json tsMcp; mcp/src/tools/**","group-command","cli/src/commands/scheduling.ts","cli/tests/read-commands-scheduling.test.ts; mcp/tests/scheduling.test.ts,scheduling-copy.test.ts,scheduling-resolve.test.ts,scheduling-totals.test.ts,iter-maxpages.test.ts","docs/openapi-operations.md; docs/operation-parity.json"
"getWorkspacesWorkspaceIdSharedReports","GET","/workspaces/{workspaceId}/shared-reports","sharedReports","list","explicit","live-success","present","wrapper/src/api/resources/sharedReports/client/Client.ts (generated)","clockify_shared_reports_list","present","docs/operation-parity.json tsMcp; mcp/src/tools/**","group-command","cli/src/commands/sharedReports.ts","cli/tests/read-commands-users-tags-shared-reports.test.ts; mcp/tests/sharedReports.test.ts","docs/openapi-operations.md; docs/operation-parity.json"
"postWorkspacesWorkspaceIdSharedReports","POST","/workspaces/{workspaceId}/shared-reports","sharedReports","create","explicit","live-success","present","wrapper/src/api/resources/sharedReports/client/Client.ts (generated)","clockify_shared_reports_create","present","docs/operation-parity.json tsMcp; mcp/src/tools/**","group-command","cli/src/commands/sharedReports.ts","cli/tests/read-commands-users-tags-shared-reports.test.ts; mcp/tests/sharedReports.test.ts","docs/openapi-operations.md; docs/operation-parity.json"
"putWorkspacesWorkspaceIdSharedReportsSharedReportId","PUT","/workspaces/{workspaceId}/shared-reports/{sharedReportId}","sharedReports","update","explicit","live-success","present","wrapper/src/api/resources/sharedReports/client/Client.ts (generated)","clockify_shared_reports_update","present","docs/operation-parity.json tsMcp; mcp/src/tools/**","group-command","cli/src/commands/sharedReports.ts","cli/tests/read-commands-users-tags-shared-reports.test.ts; mcp/tests/sharedReports.test.ts","docs/openapi-operations.md; docs/operation-parity.json"
"deleteWorkspacesWorkspaceIdSharedReportsSharedReportId","DELETE","/workspaces/{workspaceId}/shared-reports/{sharedReportId}","sharedReports","delete","explicit","live-success","present","wrapper/src/api/resources/sharedReports/client/Client.ts (generated)","clockify_shared_reports_delete","present","docs/operation-parity.json tsMcp; mcp/src/tools/**","group-command","cli/src/commands/sharedReports.ts","cli/tests/read-commands-users-tags-shared-reports.test.ts; mcp/tests/sharedReports.test.ts","docs/openapi-operations.md; docs/operation-parity.json"
"getWorkspacesWorkspaceIdTags","GET","/workspaces/{workspaceId}/tags","tags","list","explicit","live-success","present","wrapper/src/api/resources/tags/client/Client.ts (generated)","clockify_tags_list","present","docs/operation-parity.json tsMcp; mcp/src/tools/**","group-command","cli/src/commands/tags.ts","wrapper/tests/sandbox.test.ts; cli/tests/crud.test.ts,read-commands-users-tags-shared-reports.test.ts; mcp/tests/tags.test.ts","docs/openapi-operations.md; docs/operation-parity.json"
"postWorkspacesWorkspaceIdTags","POST","/workspaces/{workspaceId}/tags","tags","create","explicit","live-success","present","wrapper/src/api/resources/tags/client/Client.ts (generated)","clockify_tags_create","present","docs/operation-parity.json tsMcp; mcp/src/tools/**","group-command","cli/src/commands/tags.ts","wrapper/tests/sandbox.test.ts; cli/tests/crud.test.ts,read-commands-users-tags-shared-reports.test.ts; mcp/tests/tags.test.ts","docs/openapi-operations.md; docs/operation-parity.json"
"getWorkspacesWorkspaceIdTagsTagId","GET","/workspaces/{workspaceId}/tags/{tagId}","tags","get","explicit","live-success","present","wrapper/src/api/resources/tags/client/Client.ts (generated)","clockify_tags_get","present","docs/operation-parity.json tsMcp; mcp/src/tools/**","group-command","cli/src/commands/tags.ts","wrapper/tests/sandbox.test.ts; cli/tests/crud.test.ts,read-commands-users-tags-shared-reports.test.ts; mcp/tests/tags.test.ts","docs/openapi-operations.md; docs/operation-parity.json"
"putWorkspacesWorkspaceIdTagsTagId","PUT","/workspaces/{workspaceId}/tags/{tagId}","tags","update","explicit","live-success","present","wrapper/src/api/resources/tags/client/Client.ts (generated)","clockify_tags_update","present","docs/operation-parity.json tsMcp; mcp/src/tools/**","group-command","cli/src/commands/tags.ts","wrapper/tests/sandbox.test.ts; cli/tests/crud.test.ts,read-commands-users-tags-shared-reports.test.ts; mcp/tests/tags.test.ts","docs/openapi-operations.md; docs/operation-parity.json"
"deleteWorkspacesWorkspaceIdTagsTagId","DELETE","/workspaces/{workspaceId}/tags/{tagId}","tags","delete","explicit","live-success","present","wrapper/src/api/resources/tags/client/Client.ts (generated)","clockify_tags_delete","present","docs/operation-parity.json tsMcp; mcp/src/tools/**","group-command","cli/src/commands/tags.ts","wrapper/tests/sandbox.test.ts; cli/tests/crud.test.ts,read-commands-users-tags-shared-reports.test.ts; mcp/tests/tags.test.ts","docs/openapi-operations.md; docs/operation-parity.json"
"postWorkspacesWorkspaceIdTimeEntries","POST","/workspaces/{workspaceId}/time-entries","timeEntries","create","explicit","live-success","present","wrapper/src/api/resources/timeEntries/client/Client.ts (generated)","clockify_entries_log","present","docs/operation-parity.json tsMcp; mcp/src/tools/**","group-command","cli/src/commands/entries.ts / start.ts / stop.ts / status.ts / log.ts","wrapper/tests/iter.test.ts,wire-shape-http.test.ts,generated-retry-delay.test.ts; cli/tests/entries.test.ts,start.test.ts,stop.test.ts,status.test.ts,log.test.ts; mcp/tests/entries.test.ts,work-time-tracking.test.ts","docs/openapi-operations.md; docs/operation-parity.json"
"getMultipleTimeEntries","POST","/workspaces/{workspaceId}/time-entries/batch","(derived)","getMultipleTimeEntries","operationId-derived","live-success","present","wrapper/src/api/resources/timeEntries/client/Client.ts (generated; derived group timeEntries)","clockify_entries_get_many","present","docs/operation-parity.json tsMcp; mcp/src/tools/**","raw-fallback-only (clk115 api)","cli/src/commands/api.ts","none found (per-op)","docs/openapi-operations.md; docs/operation-parity.json"
"patchWorkspacesWorkspaceIdTimeEntriesInvoiced","PATCH","/workspaces/{workspaceId}/time-entries/invoiced","timeEntries","markInvoiced","explicit","live-success","present","wrapper/src/api/resources/timeEntries/client/Client.ts (generated)","clockify_entries_mark_invoiced","present","docs/operation-parity.json tsMcp; mcp/src/tools/**","group-command","cli/src/commands/entries.ts / start.ts / stop.ts / status.ts / log.ts","wrapper/tests/iter.test.ts,wire-shape-http.test.ts,generated-retry-delay.test.ts; cli/tests/entries.test.ts,start.test.ts,stop.test.ts,status.test.ts,log.test.ts; mcp/tests/entries.test.ts,work-time-tracking.test.ts","docs/openapi-operations.md; docs/operation-parity.json"
"getWorkspacesWorkspaceIdTimeEntriesStatusInProgress","GET","/workspaces/{workspaceId}/time-entries/status/in-progress","timeEntries","listInProgress","explicit","live-success","present","wrapper/src/api/resources/timeEntries/client/Client.ts (generated)","clockify_entries_list","present","docs/operation-parity.json tsMcp; mcp/src/tools/**","group-command","cli/src/commands/entries.ts / start.ts / stop.ts / status.ts / log.ts","wrapper/tests/iter.test.ts,wire-shape-http.test.ts,generated-retry-delay.test.ts; cli/tests/entries.test.ts,start.test.ts,stop.test.ts,status.test.ts,log.test.ts; mcp/tests/entries.test.ts,work-time-tracking.test.ts","docs/openapi-operations.md; docs/operation-parity.json"
"getWorkspacesWorkspaceIdTimeEntriesTimeEntryId","GET","/workspaces/{workspaceId}/time-entries/{timeEntryId}","timeEntries","get","explicit","live-success","present","wrapper/src/api/resources/timeEntries/client/Client.ts (generated)","clockify_entries_get","present","docs/operation-parity.json tsMcp; mcp/src/tools/**","group-command","cli/src/commands/entries.ts / start.ts / stop.ts / status.ts / log.ts","wrapper/tests/iter.test.ts,wire-shape-http.test.ts,generated-retry-delay.test.ts; cli/tests/entries.test.ts,start.test.ts,stop.test.ts,status.test.ts,log.test.ts; mcp/tests/entries.test.ts,work-time-tracking.test.ts","docs/openapi-operations.md; docs/operation-parity.json"
"putWorkspacesWorkspaceIdTimeEntriesTimeEntryId","PUT","/workspaces/{workspaceId}/time-entries/{timeEntryId}","timeEntries","update","explicit","live-success","present","wrapper/src/api/resources/timeEntries/client/Client.ts (generated)","clockify_entries_update","present","docs/operation-parity.json tsMcp; mcp/src/tools/**","group-command","cli/src/commands/entries.ts / start.ts / stop.ts / status.ts / log.ts","wrapper/tests/iter.test.ts,wire-shape-http.test.ts,generated-retry-delay.test.ts; cli/tests/entries.test.ts,start.test.ts,stop.test.ts,status.test.ts,log.test.ts; mcp/tests/entries.test.ts,work-time-tracking.test.ts","docs/openapi-operations.md; docs/operation-parity.json"
"deleteWorkspacesWorkspaceIdTimeEntriesTimeEntryId","DELETE","/workspaces/{workspaceId}/time-entries/{timeEntryId}","timeEntries","delete","explicit","live-success","present","wrapper/src/api/resources/timeEntries/client/Client.ts (generated)","clockify_entries_delete","present","docs/operation-parity.json tsMcp; mcp/src/tools/**","group-command","cli/src/commands/entries.ts / start.ts / stop.ts / status.ts / log.ts","wrapper/tests/iter.test.ts,wire-shape-http.test.ts,generated-retry-delay.test.ts; cli/tests/entries.test.ts,start.test.ts,stop.test.ts,status.test.ts,log.test.ts; mcp/tests/entries.test.ts,work-time-tracking.test.ts","docs/openapi-operations.md; docs/operation-parity.json"
"createBalanceAssignment","POST","/workspaces/{workspaceId}/time-off/balance/assignment","(derived)","createBalanceAssignment","operationId-derived","live-success","present","wrapper/src/api/resources/balanceAssignment/client/Client.ts (generated; derived group balanceAssignment)","clockify_time_off_balance_assignments_create","present","docs/operation-parity.json tsMcp; mcp/src/tools/**","raw-fallback-only (clk115 api)","cli/src/commands/api.ts","none found (per-op)","docs/openapi-operations.md; docs/operation-parity.json"
"getBalanceAssignmentsForUserAndPolicy","GET","/workspaces/{workspaceId}/time-off/balance/assignment/user/{userId}/policy/{policyId}","(derived)","getBalanceAssignmentsForUserAndPolicy","operationId-derived","live-success","present","wrapper/src/api/resources/balanceAssignment/client/Client.ts (generated; derived group balanceAssignment)","clockify_time_off_balance_assignments_list","present","docs/operation-parity.json tsMcp; mcp/src/tools/**","raw-fallback-only (clk115 api)","cli/src/commands/api.ts","none found (per-op)","docs/openapi-operations.md; docs/operation-parity.json"
"updateBalanceAssignment","PUT","/workspaces/{workspaceId}/time-off/balance/assignment/{balanceAssignmentId}/user/{userId}/policy/{policyId}","(derived)","updateBalanceAssignment","operationId-derived","live-success","present","wrapper/src/api/resources/balanceAssignment/client/Client.ts (generated; derived group balanceAssignment)","clockify_time_off_balance_assignments_update","present","docs/operation-parity.json tsMcp; mcp/src/tools/**","raw-fallback-only (clk115 api)","cli/src/commands/api.ts","none found (per-op)","docs/openapi-operations.md; docs/operation-parity.json"
"deleteBalanceAssignment","DELETE","/workspaces/{workspaceId}/time-off/balance/assignment/{balanceAssignmentId}/user/{userId}/policy/{policyId}","(derived)","deleteBalanceAssignment","operationId-derived","live-success","present","wrapper/src/api/resources/balanceAssignment/client/Client.ts (generated; derived group balanceAssignment)","clockify_time_off_balance_assignments_delete","present","docs/operation-parity.json tsMcp; mcp/src/tools/**","raw-fallback-only (clk115 api)","cli/src/commands/api.ts","none found (per-op)","docs/openapi-operations.md; docs/operation-parity.json"
"getBalancesForPolicy","GET","/workspaces/{workspaceId}/time-off/balance/policy/{policyId}","balances","listForPolicy","explicit","live-success","present","wrapper/src/api/resources/balances/client/Client.ts (generated)","","unexposed","docs/operation-parity.json tsMcp=null; candidateTools=clockify_balances_list_for_policy; overrideReason=null","group-command","cli/src/commands/timeoff.ts","mcp/tests/time-off-balances-update.test.ts,balance-assignments.test.ts","docs/openapi-operations.md; docs/operation-parity.json"
"updateBalance","PATCH","/workspaces/{workspaceId}/time-off/balance/policy/{policyId}","balances","update","explicit","live-success","present","wrapper/src/api/resources/balances/client/Client.ts (generated)","clockify_time_off_balances_update","present","docs/operation-parity.json tsMcp; mcp/src/tools/**","group-command","cli/src/commands/timeoff.ts","mcp/tests/time-off-balances-update.test.ts,balance-assignments.test.ts","docs/openapi-operations.md; docs/operation-parity.json"
"getBalanceForUser","GET","/workspaces/{workspaceId}/time-off/balance/user/{userId}","balances","getForUser","explicit","live-success","present","wrapper/src/api/resources/balances/client/Client.ts (generated)","","unexposed","docs/operation-parity.json tsMcp=null; candidateTools=clockify_balances_get_for_user; overrideReason=null","group-command","cli/src/commands/timeoff.ts","mcp/tests/time-off-balances-update.test.ts,balance-assignments.test.ts","docs/openapi-operations.md; docs/operation-parity.json"
"getTimeOffPolicies","GET","/workspaces/{workspaceId}/time-off/policies","timeOffPolicies","list","explicit","live-success","present","wrapper/src/api/resources/timeOffPolicies/client/Client.ts (generated)","","unexposed","docs/operation-parity.json tsMcp=null; candidateTools=clockify_time_off_list; overrideReason=null","group-command","cli/src/commands/timeoff.ts","mcp/tests/time-off-policies.test.ts","docs/openapi-operations.md; docs/operation-parity.json"
"createTimeOffPolicy","POST","/workspaces/{workspaceId}/time-off/policies","timeOffPolicies","create","explicit","live-success","present","wrapper/src/api/resources/timeOffPolicies/client/Client.ts (generated)","","unexposed","docs/operation-parity.json tsMcp=null; candidateTools=clockify_time_off_create; overrideReason=null","group-command","cli/src/commands/timeoff.ts","mcp/tests/time-off-policies.test.ts","docs/openapi-operations.md; docs/operation-parity.json"
"getTimeOffPolicy","GET","/workspaces/{workspaceId}/time-off/policies/{policyId}","timeOffPolicies","get","explicit","live-success","present","wrapper/src/api/resources/timeOffPolicies/client/Client.ts (generated)","","unexposed","docs/operation-parity.json tsMcp=null; candidateTools=clockify_time_off_get; overrideReason=null","group-command","cli/src/commands/timeoff.ts","mcp/tests/time-off-policies.test.ts","docs/openapi-operations.md; docs/operation-parity.json"
"updateTimeOffPolicy","PUT","/workspaces/{workspaceId}/time-off/policies/{policyId}","timeOffPolicies","update","explicit","live-success","present","wrapper/src/api/resources/timeOffPolicies/client/Client.ts (generated)","","unexposed","docs/operation-parity.json tsMcp=null; candidateTools=clockify_time_off_update; overrideReason=null","group-command","cli/src/commands/timeoff.ts","mcp/tests/time-off-policies.test.ts","docs/openapi-operations.md; docs/operation-parity.json"
"changeTimeOffPolicyStatus","PATCH","/workspaces/{workspaceId}/time-off/policies/{policyId}","timeOffPolicies","updateStatus","explicit","live-success","present","wrapper/src/api/resources/timeOffPolicies/client/Client.ts (generated)","","unexposed","docs/operation-parity.json tsMcp=null; candidateTools=clockify_time_off_update_status; overrideReason=null","group-command","cli/src/commands/timeoff.ts","mcp/tests/time-off-policies.test.ts","docs/openapi-operations.md; docs/operation-parity.json"
"deleteTimeOffPolicy","DELETE","/workspaces/{workspaceId}/time-off/policies/{policyId}","timeOffPolicies","delete","explicit","live-success","present","wrapper/src/api/resources/timeOffPolicies/client/Client.ts (generated)","","unexposed","docs/operation-parity.json tsMcp=null; candidateTools=clockify_time_off_delete; overrideReason=null","group-command","cli/src/commands/timeoff.ts","mcp/tests/time-off-policies.test.ts","docs/openapi-operations.md; docs/operation-parity.json"
"createTimeOffRequest","POST","/workspaces/{workspaceId}/time-off/policies/{policyId}/requests","timeOff","submit","explicit","live-success","present","wrapper/src/api/resources/timeOff/client/Client.ts (generated)","","unexposed","docs/operation-parity.json tsMcp=null; candidateTools=clockify_time_off_submit|clockify_time_off_create; overrideReason=null","group-command","cli/src/commands/timeoff.ts","cli/tests/timeoff.test.ts; mcp/tests/time-off-get.test.ts,time-off-half-day.test.ts,timeoff-delete.test.ts,time-off-search-statuses.test.ts,time-off-resolve.test.ts","docs/openapi-operations.md; docs/operation-parity.json"
"changeTimeOffRequestStatus","PATCH","/workspaces/{workspaceId}/time-off/policies/{policyId}/requests/{requestId}","(derived)","changeTimeOffRequestStatus","operationId-derived","live-success","present","wrapper/src/api/resources/timeOff/client/Client.ts (generated; derived group timeOff)","clockify_time_off_requests_update_status","present","docs/operation-parity.json tsMcp; mcp/src/tools/**","raw-fallback-only (clk115 api)","cli/src/commands/api.ts","none found (per-op)","docs/openapi-operations.md; docs/operation-parity.json"
"deleteTimeOffRequest","DELETE","/workspaces/{workspaceId}/time-off/policies/{policyId}/requests/{requestId}","timeOff","withdraw","explicit","live-success","present","wrapper/src/api/resources/timeOff/client/Client.ts (generated)","","unexposed","docs/operation-parity.json tsMcp=null; candidateTools=clockify_time_off_withdraw; overrideReason=null","group-command","cli/src/commands/timeoff.ts","cli/tests/timeoff.test.ts; mcp/tests/time-off-get.test.ts,time-off-half-day.test.ts,timeoff-delete.test.ts,time-off-search-statuses.test.ts,time-off-resolve.test.ts","docs/openapi-operations.md; docs/operation-parity.json"
"createTimeOffRequestForUser","POST","/workspaces/{workspaceId}/time-off/policies/{policyId}/users/{userId}/requests","timeOff","submitForUser","explicit","live-success","present","wrapper/src/api/resources/timeOff/client/Client.ts (generated)","","unexposed","docs/operation-parity.json tsMcp=null; candidateTools=clockify_time_off_submit_for_user; overrideReason=null","group-command","cli/src/commands/timeoff.ts","cli/tests/timeoff.test.ts; mcp/tests/time-off-get.test.ts,time-off-half-day.test.ts,timeoff-delete.test.ts,time-off-search-statuses.test.ts,time-off-resolve.test.ts","docs/openapi-operations.md; docs/operation-parity.json"
"getAllTimeOffRequestsOnWorkspace","POST","/workspaces/{workspaceId}/time-off/requests","timeOff","list","explicit","live-success","present","wrapper/src/api/resources/timeOff/client/Client.ts (generated)","","unexposed","docs/operation-parity.json tsMcp=null; candidateTools=clockify_time_off_list; overrideReason=null","group-command","cli/src/commands/timeoff.ts","cli/tests/timeoff.test.ts; mcp/tests/time-off-get.test.ts,time-off-half-day.test.ts,timeoff-delete.test.ts,time-off-search-statuses.test.ts,time-off-resolve.test.ts","docs/openapi-operations.md; docs/operation-parity.json"
"findAllGroupsOnWorkspace","GET","/workspaces/{workspaceId}/user-groups","userGroups","list","explicit","live-success","present","wrapper/src/api/resources/userGroups/client/Client.ts (generated)","clockify_groups_list","present","docs/operation-parity.json tsMcp; mcp/src/tools/**","group-command","cli/src/commands/users.ts (group-level, unverified per-op)","mcp/tests/groups.test.ts,groups-get.test.ts","docs/openapi-operations.md; docs/operation-parity.json"
"addNewGroup","POST","/workspaces/{workspaceId}/user-groups","userGroups","create","explicit","live-success","present","wrapper/src/api/resources/userGroups/client/Client.ts (generated)","clockify_groups_create","present","docs/operation-parity.json tsMcp; mcp/src/tools/**","group-command","cli/src/commands/users.ts (group-level, unverified per-op)","mcp/tests/groups.test.ts,groups-get.test.ts","docs/openapi-operations.md; docs/operation-parity.json"
"updateGroup","PUT","/workspaces/{workspaceId}/user-groups/{groupId}","userGroups","update","explicit","live-success","present","wrapper/src/api/resources/userGroups/client/Client.ts (generated)","clockify_groups_update","present","docs/operation-parity.json tsMcp; mcp/src/tools/**","group-command","cli/src/commands/users.ts (group-level, unverified per-op)","mcp/tests/groups.test.ts,groups-get.test.ts","docs/openapi-operations.md; docs/operation-parity.json"
"deleteGroup","DELETE","/workspaces/{workspaceId}/user-groups/{groupId}","userGroups","delete","explicit","live-success","present","wrapper/src/api/resources/userGroups/client/Client.ts (generated)","clockify_groups_delete","present","docs/operation-parity.json tsMcp; mcp/src/tools/**","group-command","cli/src/commands/users.ts (group-level, unverified per-op)","mcp/tests/groups.test.ts,groups-get.test.ts","docs/openapi-operations.md; docs/operation-parity.json"
"addUsersToGroup","POST","/workspaces/{workspaceId}/user-groups/{groupId}/users","userGroups","addMembers","explicit","live-success","present","wrapper/src/api/resources/userGroups/client/Client.ts (generated)","clockify_groups_add_member","present","docs/operation-parity.json tsMcp; mcp/src/tools/**","group-command","cli/src/commands/users.ts (group-level, unverified per-op)","mcp/tests/groups.test.ts,groups-get.test.ts","docs/openapi-operations.md; docs/operation-parity.json"
"removeUserFromGroup","DELETE","/workspaces/{workspaceId}/user-groups/{groupId}/users/{userId}","userGroups","removeMember","explicit","live-success","present","wrapper/src/api/resources/userGroups/client/Client.ts (generated)","clockify_groups_remove_member","present","docs/operation-parity.json tsMcp; mcp/src/tools/**","group-command","cli/src/commands/users.ts (group-level, unverified per-op)","mcp/tests/groups.test.ts,groups-get.test.ts","docs/openapi-operations.md; docs/operation-parity.json"
"getWorkspacesWorkspaceIdUserUserIdTimeEntries","GET","/workspaces/{workspaceId}/user/{userId}/time-entries","timeEntries","listForUser","explicit","live-success","present","wrapper/src/api/resources/timeEntries/client/Client.ts (generated)","","unexposed","docs/operation-parity.json tsMcp=null; candidateTools=clockify_entries_list_for_user; overrideReason=null","group-command","cli/src/commands/entries.ts / start.ts / stop.ts / status.ts / log.ts","wrapper/tests/iter.test.ts,wire-shape-http.test.ts,generated-retry-delay.test.ts; cli/tests/entries.test.ts,start.test.ts,stop.test.ts,status.test.ts,log.test.ts; mcp/tests/entries.test.ts,work-time-tracking.test.ts","docs/openapi-operations.md; docs/operation-parity.json"
"postWorkspacesWorkspaceIdUserUserIdTimeEntries","POST","/workspaces/{workspaceId}/user/{userId}/time-entries","timeEntries","createForUser","explicit","live-success","present","wrapper/src/api/resources/timeEntries/client/Client.ts (generated)","","unexposed","docs/operation-parity.json tsMcp=null; candidateTools=clockify_entries_create_for_user; overrideReason=null","group-command","cli/src/commands/entries.ts / start.ts / stop.ts / status.ts / log.ts","wrapper/tests/iter.test.ts,wire-shape-http.test.ts,generated-retry-delay.test.ts; cli/tests/entries.test.ts,start.test.ts,stop.test.ts,status.test.ts,log.test.ts; mcp/tests/entries.test.ts,work-time-tracking.test.ts","docs/openapi-operations.md; docs/operation-parity.json"
"putWorkspacesWorkspaceIdUserUserIdTimeEntries","PUT","/workspaces/{workspaceId}/user/{userId}/time-entries","timeEntries","startTimer","explicit","live-success","present","wrapper/src/api/resources/timeEntries/client/Client.ts (generated)","","unexposed","docs/operation-parity.json tsMcp=null; candidateTools=clockify_entries_start_timer; overrideReason=null","group-command","cli/src/commands/entries.ts / start.ts / stop.ts / status.ts / log.ts","wrapper/tests/iter.test.ts,wire-shape-http.test.ts,generated-retry-delay.test.ts; cli/tests/entries.test.ts,start.test.ts,stop.test.ts,status.test.ts,log.test.ts; mcp/tests/entries.test.ts,work-time-tracking.test.ts","docs/openapi-operations.md; docs/operation-parity.json"
"patchWorkspacesWorkspaceIdUserUserIdTimeEntries","PATCH","/workspaces/{workspaceId}/user/{userId}/time-entries","timeEntries","updateForUser","explicit","live-success","present","wrapper/src/api/resources/timeEntries/client/Client.ts (generated)","","unexposed","docs/operation-parity.json tsMcp=null; candidateTools=clockify_entries_update_for_user; overrideReason=null","group-command","cli/src/commands/entries.ts / start.ts / stop.ts / status.ts / log.ts","wrapper/tests/iter.test.ts,wire-shape-http.test.ts,generated-retry-delay.test.ts; cli/tests/entries.test.ts,start.test.ts,stop.test.ts,status.test.ts,log.test.ts; mcp/tests/entries.test.ts,work-time-tracking.test.ts","docs/openapi-operations.md; docs/operation-parity.json"
"deleteMany","DELETE","/workspaces/{workspaceId}/user/{userId}/time-entries","(derived)","deleteMany","operationId-derived","live-success","present","wrapper/src/api/resources/timeEntries/client/Client.ts (generated; derived group timeEntries)","","unexposed","docs/operation-parity.json tsMcp=null; candidateTools=clockify_entries_delete_many; overrideReason=null","raw-fallback-only (clk115 api)","cli/src/commands/api.ts","none found (per-op)","docs/openapi-operations.md; docs/operation-parity.json"
"postWorkspacesWorkspaceIdUserUserIdTimeEntriesTimeEntryIdDuplicate","POST","/workspaces/{workspaceId}/user/{userId}/time-entries/{timeEntryId}/duplicate","timeEntries","duplicate","explicit","live-success","present","wrapper/src/api/resources/timeEntries/client/Client.ts (generated)","","unexposed","docs/operation-parity.json tsMcp=null; candidateTools=clockify_entries_duplicate; overrideReason=null","group-command","cli/src/commands/entries.ts / start.ts / stop.ts / status.ts / log.ts","wrapper/tests/iter.test.ts,wire-shape-http.test.ts,generated-retry-delay.test.ts; cli/tests/entries.test.ts,start.test.ts,stop.test.ts,status.test.ts,log.test.ts; mcp/tests/entries.test.ts,work-time-tracking.test.ts","docs/openapi-operations.md; docs/operation-parity.json"
"findWorkspaceUsers","GET","/workspaces/{workspaceId}/users","users","list","explicit","live-success","present","wrapper/src/api/resources/users/client/Client.ts (generated)","clockify_users_list","present","docs/operation-parity.json tsMcp; mcp/src/tools/**","group-command","cli/src/commands/users.ts","cli/tests/read-commands-users-tags-shared-reports.test.ts; mcp/tests/users.test.ts,users-status.test.ts,user-refs.test.ts,groups.test.ts","docs/openapi-operations.md; docs/operation-parity.json"
"addUserToWorkspace","POST","/workspaces/{workspaceId}/users","workspaces","addUser","explicit","probe-documented","present","wrapper/src/api/resources/workspaces/client/Client.ts (generated)","clockify_users_invite","present","docs/operation-parity.json tsMcp; mcp/src/tools/**","raw-fallback-only (clk115 api)","cli/src/commands/api.ts","mcp/tests/server.test.ts (group-level); cli: none","docs/openapi-operations.md; docs/operation-parity.json"
"filterWorkspaceUsers","POST","/workspaces/{workspaceId}/users/info","(derived)","filterWorkspaceUsers","operationId-derived","live-success","present","wrapper/src/api/resources/users/client/Client.ts (generated; derived group users)","","unexposed","docs/operation-parity.json tsMcp=null; candidateTools=clockify_users_filter_workspace_users; overrideReason=null","raw-fallback-only (clk115 api)","cli/src/commands/api.ts","none found (per-op)","docs/openapi-operations.md; docs/operation-parity.json"
"updateUserStatus","PUT","/workspaces/{workspaceId}/users/{userId}","(derived)","updateUserStatus","operationId-derived","live-success","present","wrapper/src/api/resources/workspaces/client/Client.ts (generated; derived group workspaces)","clockify_users_set_status","present","docs/operation-parity.json tsMcp; mcp/src/tools/**","raw-fallback-only (clk115 api)","cli/src/commands/api.ts","none found (per-op)","docs/openapi-operations.md; docs/operation-parity.json"
"updateUserCostRate","PUT","/workspaces/{workspaceId}/users/{userId}/cost-rate","(derived)","updateUserCostRate","operationId-derived","live-success","present","wrapper/src/api/resources/workspaces/client/Client.ts (generated; derived group workspaces)","","unexposed","docs/operation-parity.json tsMcp=null; candidateTools=clockify_workspaces_update_user_cost_rate; overrideReason=null","raw-fallback-only (clk115 api)","cli/src/commands/api.ts","none found (per-op)","docs/openapi-operations.md; docs/operation-parity.json"
"updateUserCustomFieldValue","PUT","/workspaces/{workspaceId}/users/{userId}/custom-field/{customFieldId}/value","(derived)","updateUserCustomFieldValue","operationId-derived","live-success","present","wrapper/src/api/resources/users/client/Client.ts (generated; derived group users)","","unexposed","docs/operation-parity.json tsMcp=null; candidateTools=clockify_users_update_user_custom_field_value; overrideReason=null","raw-fallback-only (clk115 api)","cli/src/commands/api.ts","none found (per-op)","docs/openapi-operations.md; docs/operation-parity.json"
"updateUserHourlyRate","PUT","/workspaces/{workspaceId}/users/{userId}/hourly-rate","(derived)","updateUserHourlyRate","operationId-derived","live-success","present","wrapper/src/api/resources/workspaces/client/Client.ts (generated; derived group workspaces)","","unexposed","docs/operation-parity.json tsMcp=null; candidateTools=clockify_workspaces_update_user_hourly_rate; overrideReason=null","raw-fallback-only (clk115 api)","cli/src/commands/api.ts","none found (per-op)","docs/openapi-operations.md; docs/operation-parity.json"
"findUserTeamManagers","GET","/workspaces/{workspaceId}/users/{userId}/managers","(derived)","findUserTeamManagers","operationId-derived","live-success","present","wrapper/src/api/resources/users/client/Client.ts (generated; derived group users)","","unexposed","docs/operation-parity.json tsMcp=null; candidateTools=clockify_users_find_user_team_managers; overrideReason=null","raw-fallback-only (clk115 api)","cli/src/commands/api.ts","none found (per-op)","docs/openapi-operations.md; docs/operation-parity.json"
"giveUserManagerRole","POST","/workspaces/{workspaceId}/users/{userId}/roles","users","giveRole","explicit","live-success","present","wrapper/src/api/resources/users/client/Client.ts (generated)","clockify_users_grant_role","present","docs/operation-parity.json tsMcp; mcp/src/tools/**","group-command","cli/src/commands/users.ts","cli/tests/read-commands-users-tags-shared-reports.test.ts; mcp/tests/users.test.ts,users-status.test.ts,user-refs.test.ts,groups.test.ts","docs/openapi-operations.md; docs/operation-parity.json"
"removeUserManagerRole","DELETE","/workspaces/{workspaceId}/users/{userId}/roles","users","removeRole","explicit","live-success","present","wrapper/src/api/resources/users/client/Client.ts (generated)","clockify_users_revoke_role","present","docs/operation-parity.json tsMcp; mcp/src/tools/**","group-command","cli/src/commands/users.ts","cli/tests/read-commands-users-tags-shared-reports.test.ts; mcp/tests/users.test.ts,users-status.test.ts,user-refs.test.ts,groups.test.ts","docs/openapi-operations.md; docs/operation-parity.json"
"getWebhooksOnWorkspace","GET","/workspaces/{workspaceId}/webhooks","webhooks","list","explicit","live-success","present","wrapper/src/api/resources/webhooks/client/Client.ts (generated)","clockify_webhooks_list","present","docs/operation-parity.json tsMcp; mcp/src/tools/**","group-command","cli/src/commands/webhooks.ts","wrapper/tests/webhooks.test.ts,webhook-events.test.ts,webhook-fixtures.test.ts,webhook-url.test.ts; cli/tests/read-commands-webhooks.test.ts,webhooks.test.ts; mcp/tests/webhooks-create.test.ts,webhooks-ssrf.test.ts,webhooks-redact.test.ts,webhooks-delivery-diagnose.test.ts","docs/openapi-operations.md; docs/operation-parity.json"
"createWebhook","POST","/workspaces/{workspaceId}/webhooks","webhooks","create","explicit","live-success","present","wrapper/src/api/resources/webhooks/client/Client.ts (generated)","clockify_webhooks_create","present","docs/operation-parity.json tsMcp; mcp/src/tools/**","group-command","cli/src/commands/webhooks.ts","wrapper/tests/webhooks.test.ts,webhook-events.test.ts,webhook-fixtures.test.ts,webhook-url.test.ts; cli/tests/read-commands-webhooks.test.ts,webhooks.test.ts; mcp/tests/webhooks-create.test.ts,webhooks-ssrf.test.ts,webhooks-redact.test.ts,webhooks-delivery-diagnose.test.ts","docs/openapi-operations.md; docs/operation-parity.json"
"getWebhookById","GET","/workspaces/{workspaceId}/webhooks/{webhookId}","webhooks","get","explicit","live-success","present","wrapper/src/api/resources/webhooks/client/Client.ts (generated)","clockify_webhooks_get","present","docs/operation-parity.json tsMcp; mcp/src/tools/**","group-command","cli/src/commands/webhooks.ts","wrapper/tests/webhooks.test.ts,webhook-events.test.ts,webhook-fixtures.test.ts,webhook-url.test.ts; cli/tests/read-commands-webhooks.test.ts,webhooks.test.ts; mcp/tests/webhooks-create.test.ts,webhooks-ssrf.test.ts,webhooks-redact.test.ts,webhooks-delivery-diagnose.test.ts","docs/openapi-operations.md; docs/operation-parity.json"
"updateWebhook","PUT","/workspaces/{workspaceId}/webhooks/{webhookId}","webhooks","update","explicit","live-success","present","wrapper/src/api/resources/webhooks/client/Client.ts (generated)","clockify_webhooks_update","present","docs/operation-parity.json tsMcp; mcp/src/tools/**","group-command","cli/src/commands/webhooks.ts","wrapper/tests/webhooks.test.ts,webhook-events.test.ts,webhook-fixtures.test.ts,webhook-url.test.ts; cli/tests/read-commands-webhooks.test.ts,webhooks.test.ts; mcp/tests/webhooks-create.test.ts,webhooks-ssrf.test.ts,webhooks-redact.test.ts,webhooks-delivery-diagnose.test.ts","docs/openapi-operations.md; docs/operation-parity.json"
"deleteWebhook","DELETE","/workspaces/{workspaceId}/webhooks/{webhookId}","webhooks","delete","explicit","live-success","present","wrapper/src/api/resources/webhooks/client/Client.ts (generated)","clockify_webhooks_delete","present","docs/operation-parity.json tsMcp; mcp/src/tools/**","group-command","cli/src/commands/webhooks.ts","wrapper/tests/webhooks.test.ts,webhook-events.test.ts,webhook-fixtures.test.ts,webhook-url.test.ts; cli/tests/read-commands-webhooks.test.ts,webhooks.test.ts; mcp/tests/webhooks-create.test.ts,webhooks-ssrf.test.ts,webhooks-redact.test.ts,webhooks-delivery-diagnose.test.ts","docs/openapi-operations.md; docs/operation-parity.json"
"getWebhookLogs","POST","/workspaces/{workspaceId}/webhooks/{webhookId}/logs","webhooks","searchLogs","explicit","live-success","present","wrapper/src/api/resources/webhooks/client/Client.ts (generated)","","unexposed","docs/operation-parity.json tsMcp=null; candidateTools=clockify_webhooks_search_logs; overrideReason=null","group-command","cli/src/commands/webhooks.ts","wrapper/tests/webhooks.test.ts,webhook-events.test.ts,webhook-fixtures.test.ts,webhook-url.test.ts; cli/tests/read-commands-webhooks.test.ts,webhooks.test.ts; mcp/tests/webhooks-create.test.ts,webhooks-ssrf.test.ts,webhooks-redact.test.ts,webhooks-delivery-diagnose.test.ts","docs/openapi-operations.md; docs/operation-parity.json"
"getWebhookEventStatusesWithLatestLog","GET","/workspaces/{workspaceId}/webhooks/{webhookId}/statuses","(derived)","getWebhookEventStatusesWithLatestLog","operationId-derived","live-success","present","wrapper/src/api/resources/webhooks/client/Client.ts (generated; derived group webhooks)","clockify_webhooks_delivery_diagnose","present","docs/operation-parity.json tsMcp; mcp/src/tools/**","raw-fallback-only (clk115 api)","cli/src/commands/api.ts","none found (per-op)","docs/openapi-operations.md; docs/operation-parity.json"
"patchWorkspacesWorkspaceIdWebhooksWebhookIdToken","PATCH","/workspaces/{workspaceId}/webhooks/{webhookId}/token","webhooks","updateToken","explicit","live-success","present","wrapper/src/api/resources/webhooks/client/Client.ts (generated)","","unexposed","docs/operation-parity.json tsMcp=null; candidateTools=clockify_webhooks_update_token; overrideReason=null","group-command","cli/src/commands/webhooks.ts","wrapper/tests/webhooks.test.ts,webhook-events.test.ts,webhook-fixtures.test.ts,webhook-url.test.ts; cli/tests/read-commands-webhooks.test.ts,webhooks.test.ts; mcp/tests/webhooks-create.test.ts,webhooks-ssrf.test.ts,webhooks-redact.test.ts,webhooks-delivery-diagnose.test.ts","docs/openapi-operations.md; docs/operation-parity.json"
